{
  "name": "alonea-hardhat",
  "version": "1.0.0",
  "description": "Hardhat development environment for ALONEA smart contracts",
  "scripts": {
    "compile": "hardhat compile",
    "test": "hardhat test",
    "test:coverage": "hardhat coverage",
    "test:gas": "REPORT_GAS=true hardhat test",
    "deploy:testnet": "hardhat run scripts/deploy.ts --network bscTestnet",
    "deploy:mainnet": "hardhat run scripts/deploy.ts --network bscMainnet",
    "verify:testnet": "tsx scripts/verify.ts bscTestnet",
    "verify:mainnet": "tsx scripts/verify.ts bscMainnet",
    "node": "hardhat node",
    "clean": "hardhat clean"
  },
  "devDependencies": {
    "@nomicfoundation/hardhat-chai-matchers": "^2.0.0",
    "@nomicfoundation/hardhat-ethers": "^3.0.0",
    "@nomicfoundation/hardhat-network-helpers": "^1.0.0",
    "@nomicfoundation/hardhat-toolbox": "^5.0.0",
    "@nomicfoundation/hardhat-verify": "^2.0.0",
    "@typechain/ethers-v6": "^0.5.0",
    "@typechain/hardhat": "^9.0.0",
    "@types/chai": "^4.3.0",
    "@types/mocha": "^10.0.0",
    "@types/node": "^20.0.0",
    "chai": "^4.3.0",
    "dotenv": "^16.0.0",
    "ethers": "^6.4.0",
    "hardhat": "^2.22.0",
    "hardhat-gas-reporter": "^1.0.0",
    "solidity-coverage": "^0.8.0",
    "ts-node": "^10.0.0",
    "typechain": "^8.3.0",
    "typescript": "^5.0.0"
  },
  "dependencies": {
    "@openzeppelin/contracts": "^5.1.0"
  }
}
